Line,nsup,ninf,Frequency_splatalogue,Frequency_radmc,Desfase[GHz]
$\mathrm{H38_\alpha}$,39,38,115.274399,115320651271.878,0.0462522718776398
$\mathrm{H39_\alpha}$,40,39,106.737357,106780183559.478,0.0428265594780121
$\mathrm{H42_\alpha}$,43,42,85.68839,85722771207.0451,0.034381207045105
$\mathrm{H44_\alpha}$,45,44,74.644562,74674512252.9298,0.0299502529297943
$\mathrm{H51_\alpha}$,52,51,48.153597,48172917991.3635,0.0193209913635178
$\mathrm{H53_\alpha}$,54,53,42.951968,42969201907.1032,0.0172339071031952
$\mathrm{H58_\alpha}$,59,58,32.852196,32865377105.442,0.0131811054420319
$\mathrm{H60_\alpha}$,61,60,29.700362,29712279244.7096,0.0119172447096291
$\mathrm{H62_\alpha}$,63,62,26.939162,26949971087.8585,0.0108090878584862
